drug,di_raw,di_raw_ci_low,di_raw_ci_high,magnitude_cv,mean_norm,n_contexts,di_corrected,di_corrected_ci_low,di_corrected_ci_high,dataset
4EGI-1,0.905870865589822,0.8718575938892916,0.9003148728741224,0.2187604474025366,116.8337695477886,49,0.8909742833095722,0.8569610116090418,0.8854182905938726,Tahoe-100M
9-ING-41,0.8317956928804835,0.7907992057493549,0.837447665674008,0.302232436286114,93.0999364762806,49,0.8199252305186774,0.7789287433875488,0.8255772033122019,Tahoe-100M
APTO-253,0.9257809391524962,0.8936256550057314,0.9185094093608454,0.28289480563142605,102.97553264527154,49,0.9126513148936863,0.8804960307469216,0.9053797851020355,Tahoe-100M
AT7519,0.8941900790612727,0.8541522983984329,0.8950138836803676,0.4145864233174368,74.91912112190576,50,0.8846377137094042,0.8445999330465644,0.8854615183284992,Tahoe-100M
AZD-7648,0.8527952261101865,0.8131954101239641,0.8556639862787647,0.257155399844048,97.2180468257097,49,0.8403996949271239,0.8007998789409014,0.843268455095702,Tahoe-100M
AZD-8055,0.8433196980847681,0.8034616788292867,0.84936458871803,0.2387198249470293,115.92739725952256,49,0.828538680417566,0.7886806611620845,0.8345835710508278,Tahoe-100M
AZD1390,0.9017397806136462,0.8667595756912375,0.8980484062329291,0.26046880088278224,107.77946165671433,49,0.8879976440301514,0.8530174391077426,0.8843062696494343,Tahoe-100M
AZD2858,0.8681883823669337,0.8321182808799708,0.8667091525401179,0.34386218472204455,65.37426199280948,50,0.8598530091562957,0.8237829076693327,0.8583737793294799,Tahoe-100M
Adagrasib,0.8943371559502141,0.8556880855279374,0.8951592989848951,0.27492349527603865,99.42465339423057,50,0.8816602772044105,0.8430112067821338,0.8824824202390915,Tahoe-100M
Afatinib,0.9340992357638164,0.9002604179819688,0.9281514947196209,0.4602843753188137,60.55412554754786,50,0.9263784413640546,0.892539623582207,0.9204307003198591,Tahoe-100M
Alpelisib,0.861681434808693,0.819027286143463,0.8657290313264324,0.251815778004925,103.54903429990829,49,0.8484786877308623,0.8058245390656323,0.8525262842486018,Tahoe-100M
Anastrozole,0.9136230342939115,0.8787075810037198,0.908499925019807,0.25887034251372887,112.84895542199115,49,0.8992345252507591,0.8643190719605675,0.8941114159766547,Tahoe-100M
BAY1125976,0.6528065925563055,0.5916854516780203,0.6896870039220188,0.3311391159376925,66.8013982233175,50,0.6442892560968124,0.5831681152185273,0.6811696674625257,Tahoe-100M
BI-3406,0.7761377236164386,0.7195823079442945,0.7976722077322858,0.3613403710330741,66.73234726853056,50,0.7676291913171939,0.7110737756450497,0.789163675433041,Tahoe-100M
BI-78D3,0.8085565621972379,0.7580224228584299,0.8222962926264423,0.43583332909086775,58.297675294414404,50,0.8011234705480352,0.7505893312092272,0.8148632009772396,Tahoe-100M
Belumosudil (mesylate),0.9059209950788523,0.870313459502448,0.9015946225037151,0.24868742750952336,109.87338908231524,49,0.8919118777901635,0.8563043422137592,0.8875855052150263,Tahoe-100M
Bentamapimod,0.7859763835415055,0.732495074297519,0.8057780986661538,0.3956656743410689,61.12662957559682,50,0.7781825935224752,0.7247012842784888,0.7979843086471236,Tahoe-100M
Bimiralisib,0.6504060640870997,0.5914086910858647,0.681365671376778,0.2826211872430318,79.88458120942516,50,0.64022059081584,0.5812232178146051,0.6711801981055183,Tahoe-100M
Binimetinib,0.7569323523734678,0.7041491965700047,0.7749711147543344,0.434273156839532,53.33413665631471,50,0.7501321236543053,0.6973489678508422,0.7681708860351719,Tahoe-100M
Bortezomib,0.7143259383142784,0.6635874829168076,0.7335592277472514,0.18585671339979104,102.51564236194459,50,0.7012549511556151,0.6505164957581443,0.7204882405885881,Tahoe-100M
Brivudine,0.5859296427320457,0.5247928218008431,0.6287520541144485,0.21017448851983597,88.44780502060695,50,0.5746523381471068,0.5135155172159042,0.6174747495295095,Tahoe-100M
CP21R7,0.9063259806048751,0.8715419091072635,0.9017045146905373,0.2889974428402456,90.25622524622662,49,0.8948180981588223,0.8600340266612106,0.8901966322444844,Tahoe-100M
Capivasertib,0.9295107026650569,0.8960433863257051,0.9212913305838816,0.24635420289351606,115.3874258939209,49,0.9147985326256236,0.8813312162862719,0.9065791605444483,Tahoe-100M
Capmatinib,0.9052764804395287,0.8695486520115121,0.9019503017279786,0.2363815539888016,116.20160248813022,49,0.8904605009563598,0.8547326725283432,0.8871343222448097,Tahoe-100M
Celecoxib,0.93271515220773,0.901376837847604,0.9242845524087548,0.2892699450473946,102.90541354135016,49,0.9195944683007126,0.8882561539405865,0.9111638685017374,Tahoe-100M
DT-061,0.8962620311745652,0.8599220794316987,0.8927583452108475,0.25082274697570844,104.1607468226334,49,0.8829812893015491,0.8466413375586826,0.8794776033378314,Tahoe-100M
Dabrafenib,0.7686219807988434,0.7231394232298647,0.7819750611459189,0.27334433807652625,98.44069318050241,49,0.7560705593103124,0.7105880017413337,0.7694236396573879,Tahoe-100M
ERK5-IN-2,0.7512945020324721,0.6982154922537824,0.7681792441719598,0.2744250832482932,98.55027982606485,49,0.7387291079871302,0.6856500982084406,0.755613850126618,Tahoe-100M
ETC-206,0.9137459408289628,0.8785457803067998,0.9090434619487011,0.2722629951249143,110.03904331686184,49,0.8997157022330993,0.8645155417109363,0.8950132233528376,Tahoe-100M
EX229,0.6923685353697657,0.6374846846636766,0.7254292348972537,0.2788833307276664,75.45342183718822,50,0.6827480454114723,0.6278641947053831,0.7158087449389603,Tahoe-100M
Elimusertib hydrochloride,0.8111879240792309,0.7674747295258564,0.8221455345282588,0.2826092140498589,84.10563250155248,50,0.8004642567727561,0.7567510622193816,0.811421867221784,Tahoe-100M
Encorafenib,0.6722653908025513,0.6174926847068527,0.6993135360164482,0.34405191892326364,67.16016850246615,50,0.6637023102828972,0.6089296041871985,0.690750455496794,Tahoe-100M
Erdafitinib ,0.8670991138702083,0.8268360934177779,0.871198842133628,0.34389341674427776,85.93326402553886,49,0.8561424192165853,0.8158793987641548,0.8602421474800049,Tahoe-100M
Everolimus,0.8832895924980823,0.8453953240389619,0.8824868807523273,0.3831761584132556,82.66421539546144,50,0.8727497092859164,0.8348554408267961,0.8719469975401615,Tahoe-100M
Futibatinib,0.8531489143374844,0.8110025170580186,0.856055183684581,0.23852631069174748,106.90382715486584,49,0.8395184232264817,0.797372025947016,0.8424246925735783,Tahoe-100M
GSK1059615,0.626816962016932,0.5588513916461739,0.6674096500866085,0.29246707185574905,70.6554819049041,50,0.6178082207615487,0.5498426503907906,0.6584009088312252,Tahoe-100M
Gemcitabine,0.8797710268169188,0.8388840281073536,0.8833712483564744,0.3757066587920741,85.23660453712881,50,0.868903157897761,0.8280161591881958,0.8725033794373166,Tahoe-100M
HI-TOPK-032,0.7922466274867671,0.7407768564178547,0.8087889625398906,0.3036446819207754,77.48280811129729,50,0.7823673859729287,0.7308976149040163,0.7989097210260522,Tahoe-100M
IQ 1,0.8568688994108716,0.8173185959717411,0.8594589893366381,0.25315012132593434,99.81068293798914,49,0.8441428009841191,0.8045924975449885,0.8467328909098856,Tahoe-100M
Infigratinib,0.7747778200056578,0.7140508199709386,0.7982268360717492,0.3764500985480028,66.24599652534636,50,0.7663312985778499,0.7056042985431307,0.7897803146439413,Tahoe-100M
Ipatasertib,0.7567037205840895,0.7017126218136401,0.7784226409297312,0.358139025451496,78.30200012891366,50,0.7467200301481545,0.6917289313777051,0.7684389504937962,Tahoe-100M
Irinotecan,0.8099901677145904,0.7650794325104917,0.8227446629087272,0.42759404770301257,60.28617724527729,50,0.802303537357871,0.7573928021537722,0.8150580325520077,Tahoe-100M
Ixazomib,0.8575078312031649,0.8185137173598281,0.8595696624431102,0.22427573609249277,107.26142212091413,49,0.8438317458872046,0.8048376320438678,0.8458935771271499,Tahoe-100M
LB-100,0.9388927184691214,0.9073892599104669,0.9302610715135124,0.2801433422234683,104.90373899790676,49,0.9255172433343489,0.8940137847756945,0.91688559637874,Tahoe-100M
LJI308,0.8792783279838603,0.8379433770481317,0.882700123067865,0.4210332306209334,58.580715626488136,50,0.8718091480220774,0.8304741970863488,0.8752309431060822,Tahoe-100M
LY-2584702 (tosylate salt),0.8685105879896767,0.8383435626558898,0.8593716989194475,0.14925835143457478,157.13061916748475,48,0.8484760619597893,0.8183090366260024,0.8393371728895601,Tahoe-100M
LY2090314,0.9113677091729023,0.8754663917566873,0.907515865557675,0.306893140541328,95.65478799086692,49,0.8991714971930863,0.8632701797768713,0.895319653577859,Tahoe-100M
Lapatinib ditosylate,0.9126885180605979,0.8781035024030651,0.9077625613058229,0.3024070031964213,101.91545579882509,49,0.8996940561099769,0.8651090404524441,0.8947680993552019,Tahoe-100M
Lonafarnib,0.8384968752028085,0.7904516582913643,0.8475730143505915,0.27047468420760984,144.92253473664147,49,0.820018908846654,0.7719736919352098,0.829095047994437,Tahoe-100M
MK-3903,0.8885478457898832,0.8547371024026101,0.8833871684778749,0.16715164184327239,149.90522946174983,48,0.8694345740572332,0.8356238306699602,0.8642738967452249,Tahoe-100M
MK-8353,0.9346367424569331,0.9030935616999891,0.9255532549272301,0.16946383385213487,145.2420848152177,48,0.916118032709064,0.88457485195212,0.907034545179361,Tahoe-100M
ML264,0.7598652998937743,0.7061456893375062,0.7826501554804168,0.3840020354736734,63.170766485895754,50,0.7518108775781552,0.6980912670218872,0.7745957331647978,Tahoe-100M
Minodronic acid,0.8706017867690936,0.8311962298131073,0.8717454996878599,0.28361934104582015,93.62483306123323,49,0.8586643988497485,0.8192588418937622,0.8598081117685148,Tahoe-100M
NG25,0.7409220612818022,0.6879386659766817,0.7653773730364976,0.17986931939828257,130.05248326266798,49,0.7243400617009299,0.6713566663958095,0.7487953734556253,Tahoe-100M
NVP-BHG712,0.8588859689616818,0.8183111763879654,0.8622976844717095,0.3003616463627538,86.8827296474227,49,0.8478082151929296,0.8072334226192132,0.8512199307029573,Tahoe-100M
OTS514,0.8654906820143919,0.8270999578806644,0.8649341181683676,0.22967814020514798,103.35677704164122,49,0.8523124481922565,0.8139217240585289,0.8517558843462322,Tahoe-100M
Oleic acid,0.9165344556014939,0.8832507304320085,0.9101004723122507,0.25755958694353376,106.88667884774502,49,0.9029061509402564,0.869622425770771,0.8964721676510131,Tahoe-100M
Oxaliplatin,0.7951619021436945,0.74467618564834,0.8111640114345878,0.39588316028648796,63.3967604314331,50,0.7870786650648648,0.7365929485695103,0.8030807743557581,Tahoe-100M
PH-797804,0.6037590801085216,0.5417834682602628,0.6404380813482844,0.17456171582719726,161.53533351699218,49,0.5831629425686881,0.5211873307204292,0.6198419438084508,Tahoe-100M
Abemaciclib,0.8817149150043231,0.8445286993987876,0.8809414600119342,0.33546451668249233,82.94877242681173,49,0.8711387500968277,0.8339525344912923,0.8703652951044388,Tahoe-100M
Belzutifan,0.8818135768790741,0.8465724072745155,0.8772617910726644,0.16425510523980733,141.39437908103272,48,0.8637854587236986,0.82854428911914,0.8592336729172889,Tahoe-100M
DTP3,0.7111100404471284,0.6494288155480414,0.7478315199349708,0.49622427106696426,45.69796638524988,50,0.7052834415200132,0.6436022166209262,0.7420049210078555,Tahoe-100M
Paclitaxel,0.6768830542544155,0.618437464432199,0.704331206729351,0.37171701909527116,64.58958462547639,50,0.6686477292662321,0.6102021394440156,0.6960958817411675,Tahoe-100M
Pemigatinib,0.922832457008983,0.8884340320127584,0.9173563389032284,0.3647553278838124,78.19051769478861,49,0.9128629808473898,0.8784645558511652,0.9073868627416353,Tahoe-100M
Pimitespib,0.9171579220098458,0.8856610421923475,0.90872856989295,0.2403452866642111,102.95499321961933,49,0.9040309165764441,0.8725340367589458,0.8956015644595483,Tahoe-100M
Pralsetinib,0.9044284270336788,0.8653881961085067,0.9044972679099936,0.5273058740222893,50.13887489023488,50,0.8980356017560861,0.858995370830914,0.898104442632401,Tahoe-100M
RMC-6236,0.653036564254271,0.5894041191350159,0.6898612726673115,0.30771047987711986,67.38898694389935,50,0.6444443088414911,0.5808118637222359,0.6812690172545315,Tahoe-100M
Regorafenib,0.9313330471294593,0.8982084980514583,0.92312454295949,0.2990204385196239,94.68510833431495,49,0.9192604716020596,0.8861359225240586,0.9110519674320903,Tahoe-100M
SBI-0640756,0.858527531195311,0.8165445244291599,0.8649051911215327,0.38922299786012654,61.228347855676304,50,0.8507207718547013,0.8087377650885502,0.857098431780923,Tahoe-100M
Sapanisertib,0.6432351952043618,0.5865707514470001,0.6760717400871739,0.3252179223856811,70.04093516119742,50,0.6343048101140506,0.5776403663566889,0.6671413549968627,Tahoe-100M
TAK-733,0.7295855342346222,0.6793586352870344,0.748991206911973,0.20697490367113164,104.53660545458459,49,0.7162568694959973,0.6660299705484095,0.735662542173348,Tahoe-100M
TAK-901,0.3786048208829418,0.33461679332593697,0.4116784546649832,0.11277784865227305,124.90237124327479,50,0.3626794727800313,0.3186914452230265,0.39575310656207274,Tahoe-100M
Temuterkib,0.8337229239309475,0.7907677704577817,0.8412819298890204,0.28523268422235787,100.70923271345801,49,0.8208822582800526,0.7779271048068868,0.8284412642381255,Tahoe-100M
Tomivosertib,0.8570775403600475,0.8166143350536944,0.857346032866672,0.23924636116867298,116.08730729888362,49,0.842276133784159,0.8018129284778059,0.8425446262907835,Tahoe-100M
Torkinib,0.894323144305933,0.8608803968890558,0.8891207288617604,0.2000471924494147,109.7092474809511,49,0.8803349554601061,0.846892208043229,0.8751325400159335,Tahoe-100M
Trametinib,0.7534872707988666,0.7029893651593618,0.7740885294657256,0.3761286356417602,68.95210354511565,50,0.7446957143179641,0.6941978086784594,0.7652969729848231,Tahoe-100M
Tubulin inhibitor 6,0.92078170166848,0.8885761471832685,0.9139831870696798,0.27194228658020136,99.46060335206256,49,0.908100239217923,0.8758946847327116,0.901301724619123,Tahoe-100M
Tucatinib,0.7919550705372118,0.7421303058459185,0.8083766998756392,0.4322751612960671,59.88050550443204,50,0.7843201642880827,0.7344953995967894,0.8007417936265101,Tahoe-100M
ULK-101,0.8851800074078291,0.8442702625980433,0.886199075398358,0.36685638756632866,71.42271924475999,50,0.8760734415747926,0.8351636967650068,0.8770925095653215,Tahoe-100M
Vemurafenib,0.8129438423636492,0.7629013178927927,0.8261856016174792,0.395390509556793,65.1174981170285,50,0.8046412071551913,0.7545986826843347,0.8178829664090213,Tahoe-100M
Volasertib,0.9288115885662748,0.8973890157114873,0.9203049344697033,0.2353266990620233,111.82114668540187,49,0.9145541275708934,0.8831315547161059,0.9060474734743219,Tahoe-100M
XRK3F2,0.8200431460046799,0.775274335770908,0.8272583254706177,0.2782360216189397,97.67093276033718,49,0.8075898707925162,0.7628210605587443,0.8148050502584541,Tahoe-100M
palbociclib,0.8727501848010684,0.8334125369345653,0.8730436778238172,0.2511251302090609,110.3015858262771,49,0.8586864714135525,0.8193488235470494,0.8589799644363013,Tahoe-100M
venetoclax,0.8027104037146194,0.7567748336295417,0.8121257150151818,0.17521899880905187,131.65775960440433,49,0.7859237275988741,0.7399881575137963,0.7953390388994365,Tahoe-100M
vincristine,0.8851481557365074,0.8537335029986051,0.8770663756921847,0.16047646635347662,151.21936532651708,48,0.8658673285692198,0.8344526758313174,0.8577855485248971,Tahoe-100M
Hydroxyfasudil,0.8733041158845116,0.8347789371995983,0.8742467963396541,0.3553641577724447,73.446062528711,49,0.8639395689914852,0.8254143903065718,0.8648822494466276,Tahoe-100M
Methylprednisolone succinate,0.8984045842133391,0.8611557915663879,0.8975689975939707,0.3412805873958265,79.15086667308316,49,0.8883126612829025,0.8510638686359513,0.8874770746635341,Tahoe-100M
PF-06260933,0.8592692631940448,0.8169253942032151,0.865525020166497,0.6601957673214547,36.69318809611275,50,0.8545907948221513,0.8122469258313215,0.8608465517946035,Tahoe-100M
Ralimetinib dimesylate,0.8866214828359654,0.8453351811794847,0.8889633034662934,0.36030638194824544,68.72649385531632,49,0.8778586921247572,0.8365723904682765,0.8802005127550852,Tahoe-100M
Sonidegib,0.9200827293151136,0.8869746239646454,0.912005398384342,0.24388131746476024,104.87233059370983,48,0.9067112588262516,0.8736031534757834,0.89863392789548,Tahoe-100M
c-Kit-IN-1,0.7142998260734429,0.6615000707375175,0.7381157846927955,0.22679502545097618,90.69136374828254,49,0.702736462437968,0.6499367071020425,0.7265524210573205,Tahoe-100M
olaparib,0.836373179422248,0.7909010713903389,0.8479715393751143,0.5136842834679339,50.89600333031587,50,0.8298838184756614,0.7844117104437524,0.8414821784285277,Tahoe-100M
(R)-Verapamil (hydrochloride),0.9247654481666961,0.8910976357706386,0.9212793500925819,0.5002981661114242,51.25125499331431,50,0.9182307917918396,0.8845629793957821,0.9147446937177254,Tahoe-100M
18β-Glycyrrhetinic acid,0.8746869836083401,0.8335115718856488,0.8774287733958245,0.4706948253963404,51.20528816468604,50,0.8681581881129833,0.826982776390292,0.8708999779004677,Tahoe-100M
8-Hydroxyquinoline,0.8937199241758813,0.8587601989162909,0.890214218268758,0.28239721313500865,95.84182801565456,49,0.8814998641499933,0.8465401388904028,0.87799415824287,Tahoe-100M
Acetohexamide,0.8775249927625474,0.8373642886736818,0.8810484709175624,0.4943931953791729,48.823956815269014,50,0.8712998226532449,0.8311391185643794,0.87482330080826,Tahoe-100M
Adenine,0.9269828560395103,0.8940886568234895,0.919997501924867,0.26873645243717714,98.53818968351425,49,0.9144190035159732,0.8815248042999524,0.9074336494013299,Tahoe-100M
Adenosine,0.8834025116900025,0.8452748931114605,0.8834732948817209,0.34307701531939777,69.26130953846057,49,0.8745715307127474,0.8364439121342054,0.8746423139044658,Tahoe-100M
Aliskiren,0.9257214218961589,0.8930222689079789,0.9190072378321933,0.309673706329836,90.92084208817073,49,0.9141287992289424,0.8814296462407624,0.9074146151649768,Tahoe-100M
Allantoin,0.8655749765183831,0.8264832319586284,0.8673001092565485,0.2566531551500098,102.74146512178697,49,0.8524751964230906,0.8133834518633358,0.854200329161256,Tahoe-100M
Almonertinib (hydrochloride),0.9070518541803939,0.8720957969295428,0.9019855967651679,0.2855178658943819,96.31260410532867,49,0.8947717690882724,0.8598157118374212,0.8897055116730463,Tahoe-100M
Amsacrine,0.8940918986856304,0.859639070007041,0.8909805273096595,0.28272790827103567,94.95383990797285,49,0.8819850592462317,0.8475322305676423,0.8788736878702608,Tahoe-100M
Anethole trithione,0.8826799105110956,0.8480294107725727,0.8802186438464376,0.2692428484656236,96.0136464700469,49,0.8704379432254056,0.8357874434868826,0.8679766765607475,Tahoe-100M
Artesunate,0.8798207836312019,0.8416475934155699,0.8795550815546432,0.260203442725836,100.05065424247732,49,0.8670640882948739,0.828890898079242,0.8667983862183153,Tahoe-100M
Azithromycin (hydrate),0.8949427716965525,0.8580124254873961,0.8910223302792896,0.2948501063198474,93.93301443826866,49,0.8829660899218604,0.8460357437127041,0.8790456485045975,Tahoe-100M
Baicalin,0.8969562128882673,0.8621938617299487,0.8926327402571201,0.27039491686810707,101.09618336268875,49,0.8840662101132946,0.849303858954976,0.8797427374821474,Tahoe-100M
Balsalazide (sodium hydrate),0.8964106683410328,0.859596236760258,0.8971346789883718,0.5016943566250641,48.57842116010656,50,0.8902168046091932,0.8534023730284184,0.8909408152565322,Tahoe-100M
Berbamine,0.9462368531274913,0.9144825051865989,0.9372397042468272,0.2743410207905904,102.20744791429128,49,0.9332051614907096,0.9014508135498173,0.9242080126100456,Tahoe-100M
Berberine (chloride hydrate),0.8847126135911612,0.8456513981837778,0.886223006034447,0.43769925248969765,63.91437582122165,50,0.8765633793244177,0.8375021639170344,0.8780737717677036,Tahoe-100M
Bergenin,0.8999780408458042,0.8623266421994625,0.9002574428498346,0.47420558950227426,53.11790462500482,50,0.8932053822226722,0.8555539835763305,0.8934847842267025,Tahoe-100M
Bimatoprost,0.8588525025803988,0.8179857040117842,0.8659398236789813,0.47966606292627506,48.62340574934708,50,0.8526529032069072,0.8117861046382926,0.8597402243054897,Tahoe-100M
Busulfan,0.8316230509147191,0.7898710482812743,0.8410005160008855,0.4416849760769377,50.28230324215385,50,0.8252119381826177,0.7834599355491729,0.8345894032687842,Tahoe-100M
Cepharanthine,0.7952796556015437,0.7459052507833489,0.8076445051958903,0.4720506055756773,49.027082144668995,50,0.789028586531741,0.7396541817135462,0.8013934361260876,Tahoe-100M
Chlorhexidine (diacetate),0.8696380274520912,0.8301227916155666,0.8729705627004655,0.47648607945189797,52.18593684090203,50,0.8629841969283363,0.8234689610918117,0.8663167321767106,Tahoe-100M
Ciclopirox,0.899524675490996,0.8612770181713648,0.8994829865311478,0.4501530682074655,55.043497143627086,50,0.8925064992619277,0.8542588419422965,0.8924648103020795,Tahoe-100M
Clonidine (hydrochloride),0.9193466487511062,0.8855852192824476,0.912360022846407,0.2780977155600176,100.23782401013636,49,0.9065660888261827,0.8728046593575242,0.8995794629214836,Tahoe-100M
Clotrimazole,0.8622387092959307,0.8181884872791175,0.8660044673735219,0.4808092735788674,54.91490260784517,50,0.855236929174687,0.8111867071578738,0.8590026872522781,Tahoe-100M
Cloxacillin (sodium),0.9379772873091379,0.9046147653111977,0.9294013336442205,0.2906282455413628,97.75043922824437,49,0.9255138748340443,0.8921513528361041,0.916937921169127,Tahoe-100M
Cysteamine (hydrochloride),0.9481632949812662,0.9160766805270132,0.938898847823305,0.3107128127949297,90.27987081244618,49,0.9366523976695276,0.9045657832152746,0.9273879505115664,Tahoe-100M
Darinaparsin,0.8759628712577798,0.8381658352952467,0.875269659305619,0.3100653955616174,84.28691577194111,49,0.8652160899050508,0.8274190539425177,0.86452287795289,Tahoe-100M
Demeclocycline,0.8893062853882675,0.8494308274496203,0.8913468778350704,0.49707470003261817,47.92815644321819,50,0.883195331947661,0.8433198740090138,0.8852359243944639,Tahoe-100M
Diammonium Glycyrrhizinate,0.8714991212631165,0.8296167557562142,0.8744491937013806,0.4539760778361415,58.59508607229112,50,0.8640281090354645,0.8221457435285622,0.8669781814737286,Tahoe-100M
Docetaxel,0.885753124292854,0.8484357222482791,0.8842844648741408,0.3242247858430052,79.76448548801204,49,0.8755829635104618,0.8382655614658869,0.8741143040917486,Tahoe-100M
Elagolix sodium,0.8542272217578595,0.8138890723981804,0.8588409463136982,0.4171726358038304,55.639569257130496,50,0.8471330449228179,0.8067948955631389,0.8517467694786567,Tahoe-100M
Fluvoxamine (maleate),0.93176997177622,0.8987147917932261,0.9244415817392085,0.2884204892292227,95.2757369650525,49,0.9196220896997899,0.886566909716796,0.9122936996627784,Tahoe-100M
Folic acid,0.9526744738551112,0.921559089271826,0.9431013616892042,0.24666112353845174,103.67463085223073,49,0.9394557129194463,0.9083403283361611,0.9298826007535393,Tahoe-100M
Furosemide,0.929079521359897,0.8956670232027323,0.9230394355510028,0.34698466222733554,73.78949026897409,49,0.9196711866167485,0.8862586884595838,0.9136311008078543,Tahoe-100M
Fusidic acid,0.9072067027232276,0.8701997878088686,0.9053761512906262,0.4641000026677235,60.76268158477369,50,0.8994593169348578,0.8624524020204989,0.8976287655022565,Tahoe-100M
Gallic acid,0.8810467254672485,0.8411845070537433,0.8847924663964817,0.4634238077750751,52.29675788906901,50,0.8743787649974276,0.8345165465839224,0.8781245059266608,Tahoe-100M
Gallic acid (hydrate),0.825554728271393,0.7839492431505756,0.8345476418679906,0.4211588071343825,63.12434493591584,50,0.8175062248133229,0.7759007396925055,0.8264991384099205,Tahoe-100M
Gemfibrozil,0.8433730742302871,0.8009084857505708,0.8490767760499501,0.4241156832215067,65.7517660671297,50,0.8349895683562418,0.7925249798765256,0.8406932701759049,Tahoe-100M
Goserelin (acetate),0.894403937463942,0.8540223975220808,0.8947326636509919,0.45545224462478645,51.592754691711086,50,0.887825739068867,0.8474441991270057,0.8881544652559169,Tahoe-100M
Hexylresorcinol,0.8712183577185418,0.8331219036294474,0.8714885479488576,0.4593122831522734,53.980519782705045,50,0.8643357136201264,0.8262392595310319,0.8646059038504421,Tahoe-100M
Homoharringtonine,0.577653994879208,0.524640917166554,0.6050851316186533,0.12405058116298581,169.0957149679307,49,0.5560938908013615,0.5030808130887076,0.5835250275408068,Tahoe-100M
Idarubicin (hydrochloride),0.5807483956986617,0.5312569548011891,0.6051483499538968,0.10396962186626736,185.49951918071622,49,0.5570967677394008,0.5076053268419282,0.5814967219946359,Tahoe-100M
Isocorydine,0.9320328486847291,0.8997064517209046,0.9252462086500934,0.2848925102515449,98.35819032798459,49,0.9194919465052613,0.8871655495414368,0.9127053064706256,Tahoe-100M
L-Thyroxine (sodium salt pentahydrate),0.8647575096739938,0.8164447630489374,0.8755699693105624,0.5257429839227052,70.26940842827749,49,0.8557979937011041,0.8074852470760477,0.8666104533376727,Tahoe-100M
Larotrectinib,0.8678141810914856,0.8293052410538503,0.8698332852742708,0.43061136175613524,65.71180843907919,50,0.8594357699096365,0.8209268298720013,0.8614548740924218,Tahoe-100M
Lenalidomide (hemihydrate),0.9355345422922303,0.9016352973315049,0.9286610810904797,0.2952758660329754,87.24929216345186,49,0.9244100509346627,0.8905108059739373,0.9175365897329121,Tahoe-100M
Lidocaine (hydrochloride),0.8479862775913023,0.8065135332472313,0.8503828308390053,0.2899352902748838,88.11098196664256,49,0.8367519187433424,0.7952791743992714,0.8391484719910455,Tahoe-100M
Lipoic acid,0.9425004709468607,0.9110108167827005,0.9333271721234625,0.29065413968849624,95.31394733681634,49,0.9303477169575484,0.8988580627933881,0.9211744181341501,Tahoe-100M
Lumateperone (tosylate),0.9059851930895787,0.8682895455024986,0.9036779063975972,0.4782533131359373,52.61732732920894,50,0.89927635925703,0.8615807116699499,0.8969690725650484,Tahoe-100M
Medroxyprogesterone acetate,0.8634084083460917,0.818728413858545,0.8710161934435832,0.47163677803112125,48.29011617197204,50,0.8572513041829467,0.8125713096954,0.8648590892804382,Tahoe-100M
Megestrol,0.8572626415344785,0.8146832461606243,0.8634958426325672,0.5376267230382181,40.23685073884064,50,0.8521323477842276,0.8095529524103734,0.8583655488823163,Tahoe-100M
Mitoxantrone (dihydrochloride),0.8925780956264429,0.8572407605275141,0.888870901584474,0.3118301307445004,84.25602545573543,49,0.8818352528621785,0.8464979177632497,0.8781280588202096,Tahoe-100M
Neratinib (maleate),0.8815232711820633,0.8439254635151054,0.8828159428388734,0.4180215189159291,58.493549227736324,50,0.8740652051425317,0.8364673974755739,0.8753578767993418,Tahoe-100M
Norepinephrine (hydrochloride),0.9092531518347224,0.8736916325726014,0.9053463182488868,0.2883197942738761,93.17807358718389,49,0.8973727268062471,0.8618112075441261,0.8934658932204115,Tahoe-100M
Olanzapine,0.8696628222888718,0.8311869823049179,0.8720595346856183,0.4336378382432009,62.15599434851907,50,0.8617377858237535,0.8232619458397996,0.8641344982204999,Tahoe-100M
Palmatine (chloride),0.9302378712275879,0.8976977413278278,0.9221339362872338,0.3024276587520598,90.46393469496098,49,0.9187035053349646,0.8861633754352044,0.9105995703946105,Tahoe-100M
Pasireotide (acetate),0.8503588576536368,0.8106862787129099,0.8549226762284259,0.4221695286951791,52.29475623961141,50,0.8436911523988617,0.8040185734581348,0.8482549709736508,Tahoe-100M
Pentagastrin,0.9237258320227818,0.8900172073114655,0.9174633084267656,0.3106638917199586,85.49707860646764,49,0.9128247520429795,0.8791161273316632,0.9065622284469633,Tahoe-100M
Pentamidine (isethionate),0.8085718861900613,0.7634905353686026,0.822040137851,0.4650857058256906,50.83407290177995,50,0.8020904215197645,0.7570090706983058,0.8155586731807033,Tahoe-100M
Pyridoxine,0.8619618884994769,0.8198457706924727,0.8657675252205816,0.36792619174095087,55.10693954289979,49,0.8549356232142693,0.8128195054072651,0.8587412599353741,Tahoe-100M
Pyridoxine (hydrochloride),0.9276681702183727,0.895915288967734,0.9197888139867768,0.24337195873321202,105.62974296974537,49,0.9142001278580101,0.8824472466073714,0.9063207716264142,Tahoe-100M
Quinestrol,0.8881908823610802,0.8504491464508206,0.8900521434508588,0.4960596000046775,48.261663670849856,50,0.882037405959204,0.8442956700489443,0.8838986670489826,Tahoe-100M
Radotinib,0.878344031757829,0.8382129530477069,0.8793007903585502,0.27051814741814084,98.4133740471237,49,0.8657960935234957,0.8256650148133736,0.8667528521242169,Tahoe-100M
Raltitrexed,0.9289891328367155,0.8971999894583691,0.921019386653035,0.29470273434931493,96.19080700457621,49,0.916724577163356,0.8849354337850096,0.9087548309796755,Tahoe-100M
Rapamycin,0.8550502177449929,0.8133258746819624,0.8619362006245151,0.43844223532283494,53.74562888748898,50,0.8481975227919402,0.8064731797289096,0.8550835056714624,Tahoe-100M
Relugolix,0.9463020638221201,0.914777379002429,0.9373888706283092,0.30257652874683516,89.09708324923832,49,0.9349419747255369,0.9034172899058457,0.926028781531726,Tahoe-100M
Resveratrol,0.8994771400872675,0.8656715156701408,0.8957036665923552,0.24103549375250066,106.60532076092831,49,0.8858847092483564,0.8520790848312296,0.8821112357534441,Tahoe-100M
Retinoic acid,0.8672830076473366,0.8259379916888072,0.8728496183733168,0.4822927307459539,50.48759379643074,50,0.860845719883436,0.8195007039249066,0.8664123306094161,Tahoe-100M
Riluzole hydrochloride,0.8649802834332236,0.826820907866997,0.8640195185510485,0.28158971829155416,97.2892150093959,49,0.8525756781382144,0.8144163025719878,0.8516149132560393,Tahoe-100M
Rimonabant,0.9083581330147027,0.8729591927134553,0.9036335457825115,0.2939387891090021,87.26150121562019,49,0.8972320849740726,0.8618331446728252,0.8925074977418814,Tahoe-100M
Ritonavir,0.924984818415771,0.8912347297316289,0.9182274869226416,0.30053897514110806,91.34247933233583,49,0.9133384360014845,0.8795883473173424,0.906581104508355,Tahoe-100M
Ropivacaine (hydrochloride monohydrate),0.84580476849642,0.802223398604384,0.8537085451020936,0.4664204709308524,51.133137140871376,50,0.8392851724274535,0.7957038025354175,0.8471889490331271,Tahoe-100M
S-Adenosyl-L-methionine (disulfate tosylate),0.8296677213163852,0.7822853707291223,0.8392387568063693,0.45699985036472757,51.572920908383,50,0.823092051775651,0.7757097011883881,0.8326630872656351,Tahoe-100M
Salicylic acid,0.8538113270993013,0.813692921720088,0.8590055663477216,0.4700323862300514,53.7439451500586,50,0.846958846826758,0.8068404414475447,0.8521530860751784,Tahoe-100M
Saquinavir,0.9139454415759759,0.8802678046808652,0.9090739884185631,0.2664556230562454,98.840141404135,49,0.9013430894930365,0.8676654525979258,0.8964716363356238,Tahoe-100M
Selinexor ,0.8399108170676779,0.8036553435970297,0.8403254087235007,0.24200533661251913,84.89237062080602,50,0.8290868387879987,0.7928313653173505,0.8295014304438215,Tahoe-100M
Sinomenine,0.9352571923812332,0.9029169334672763,0.9276719307420306,0.32238431532698336,77.20995662958957,49,0.925412740077426,0.8930724811634692,0.9178274784382234,Tahoe-100M
Sodium Salicylate,0.7732559042810639,0.7256674431733994,0.7908121895211735,0.45767809899670475,47.89255222582366,50,0.7671494904624861,0.7195610293548216,0.7847057757025957,Tahoe-100M
Sulfisoxazole,0.8762798481659448,0.8386220393867255,0.8775088331725209,0.43585524079329724,62.87788261596075,50,0.868262769237293,0.8306049604580736,0.869491754243869,Tahoe-100M
Temsirolimus,0.9136361872536103,0.878972770305459,0.9092102762114332,0.30564903606067073,90.6602735551635,49,0.9020767876913798,0.8674133707432284,0.8976508766492027,Tahoe-100M
Terfenadine,0.887606679355712,0.8496359282156695,0.8887530639241656,0.4342052212293915,57.095017049975525,50,0.8803269294805757,0.8423561783405331,0.8814733140490293,Tahoe-100M
Thymol,0.8867578719048987,0.8495083549868929,0.8863925009918868,0.3024896350146183,86.75408337317167,49,0.8756965208407486,0.8384470039227427,0.8753311499277366,Tahoe-100M
Tofacitinib,0.8576459853931928,0.8159908282295585,0.8627333761662287,0.4266798863606859,58.23859042963468,50,0.8502204272041628,0.8085652700405285,0.8553078179771987,Tahoe-100M
Tofacitinib (citrate),0.9192507449604529,0.8867541655694623,0.9124196479555657,0.29059409900592886,96.48555538743078,49,0.906948608170314,0.8744520287793234,0.9001175111654268,Tahoe-100M
Tolcapone,0.9282210768038008,0.8957171686972127,0.9217588690289622,0.2885731714905311,96.37136917719143,49,0.9159334990258609,0.8834295909192728,0.9094712912510222,Tahoe-100M
Triamcinolone,0.8169626475335459,0.7708537536078369,0.8288654476945179,0.4370464705165404,58.9802115525926,50,0.8094425308951765,0.7633336369694675,0.8213453310561485,Tahoe-100M
Triclosan,0.8865880156932876,0.849151654368039,0.8859531031569491,0.4475089873278474,62.526735212234136,50,0.8786157088901295,0.8411793475648809,0.877980796353791,Tahoe-100M
Trifluridine,0.9426653965382199,0.9121256586923419,0.9336936032899623,0.285547829823244,100.44192599624803,49,0.9298588131267528,0.8993190752808747,0.9208870198784952,Tahoe-100M
Trimetrexate,0.8899706414567434,0.8535885191963973,0.8903305663951242,0.4411884149334987,64.2187038467814,50,0.881782604646091,0.845400482385745,0.8821425295844718,Tahoe-100M
Tucidinostat,0.6841125568657592,0.6288976967058146,0.7114306760010887,0.32870538234583113,60.823059288883506,50,0.6763574727771408,0.6211426126171962,0.7036755919124702,Tahoe-100M
Vilanterol,0.8819068983754811,0.8415133158847706,0.8857267713392195,0.48454862203100363,46.95718206814925,50,0.8759197464669677,0.8355261639762572,0.8797396194307061,Tahoe-100M
Vinblastine (sulfate),0.8485349584942765,0.8043268635727473,0.8537540658713576,0.45935214113615097,50.2242105996671,50,0.8421312527116559,0.7979231577901267,0.847350360088737,Tahoe-100M
(S)-Crizotinib,0.8704090627300286,0.8321929580364338,0.8716227013016974,0.3637811103356637,72.19928427503946,49,0.8612034830167219,0.8229873783231271,0.8624171215883907,Tahoe-100M
Almonertinib (mesylate),0.9036240211513803,0.8692952680922855,0.8988561003733295,0.3817116402429542,73.82197937547018,50,0.8942115439702192,0.8598827909111244,0.8894436231921684,Tahoe-100M
Altretamine,0.9482369351663266,0.9162512743412271,0.937594819708598,0.27079224374570404,96.25738795877702,48,0.9359638902636425,0.903978229438543,0.9253217748059139,Tahoe-100M
Apalutamide,0.852452729422696,0.8123486798235895,0.8586275205688215,0.39871939369105863,58.33849687020613,49,0.8450144329259143,0.8049103833268078,0.8511892240720398,Tahoe-100M
Arbutin,0.9246590460408227,0.8909643001760513,0.9166441218388116,0.2552691873724384,99.8710689652786,48,0.9119252482525964,0.878230502387825,0.9039103240505852,Tahoe-100M
Belumosudil,0.8760721018635922,0.8374378851746171,0.8800579067029947,0.4176305150874922,67.63686264386428,50,0.8674482417120959,0.8288140250231208,0.8714340465514984,Tahoe-100M
Bendamustine,0.9450653951769785,0.9137597474127975,0.9349067531964269,0.23068367263733075,107.72329881071532,48,0.9313304194893424,0.9000247717251614,0.9211717775087908,Tahoe-100M
Benproperine (phosphate),0.8560547897224523,0.8118167009193461,0.8643304310995191,0.5224273015344385,48.40119924938003,50,0.8498835222038926,0.8056454334007864,0.8581591635809594,Tahoe-100M
Berbamine (dihydrochloride),0.8879405198841483,0.8544480585062504,0.8865729312770202,0.35566750104011935,79.66410442771665,50,0.8777831579246467,0.8442906965467487,0.8764155693175185,Tahoe-100M
Bestatin,0.8341502042435479,0.790383310795428,0.8429225198158584,0.37791554402562144,64.56154804708001,49,0.8259184539855008,0.7821515605373809,0.8346907695578113,Tahoe-100M
Betamethasone dipropionate,0.8519099069282551,0.8056769096105629,0.8593556990910005,0.3737034358740169,64.42696730744785,49,0.8436953160331988,0.7974623187155067,0.8511411081959442,Tahoe-100M
Bisoprolol (hemifumarate),0.8498255767927887,0.809034894891705,0.8504593104637233,0.244273358753558,92.65305570672804,48,0.8380120927873163,0.7972214108862326,0.8386458264582508,Tahoe-100M
Bosentan (hydrate),0.8521256919733158,0.811504507249144,0.857450000341184,0.2955024469048207,75.88306450121429,49,0.8424504215579631,0.8018292368337914,0.8477747299258314,Tahoe-100M
Canagliflozin,0.8574064114237732,0.8171261249730755,0.8627091784685191,0.45603415181276197,54.220935648732485,50,0.8504931137331333,0.8102128272824356,0.8557958807778793,Tahoe-100M
Cilostazol,0.7195194923678833,0.660858870447638,0.7479929674769082,0.4625437210854198,50.98069479125209,50,0.7130193330594775,0.6543587111392323,0.7414928081685025,Tahoe-100M
Clofarabine,0.8589601804005318,0.8173735647587677,0.8626576268164533,0.41162256891980875,52.864602090808475,49,0.8522198184503313,0.8106332028085672,0.8559172648662529,Tahoe-100M
Cobimetinib,0.8340356721527971,0.7941439027313655,0.8381965138629343,0.18139548082806353,113.71782044755656,48,0.8195363807614087,0.7796446113399771,0.8236972224715459,Tahoe-100M
Cytarabine,0.8812373348310356,0.8400337441544952,0.8828322373163046,0.6197302948630199,40.71143761340182,50,0.8760465301304543,0.8348429394539139,0.8776414326157232,Tahoe-100M
Cytarabine (hydrochloride),0.8580009167050905,0.8169481094288432,0.8607597210158072,0.40277822304879285,57.41209270814172,49,0.8506807389327012,0.809627931656454,0.853439543243418,Tahoe-100M
Daidzin,0.9009834013887572,0.8665948716851399,0.897810121886143,0.38265724810873886,72.23088026241189,50,0.891773793112241,0.8573852634086238,0.8886005136096268,Tahoe-100M
"Dapagliflozin ((2S)-1,2-propanediol, hydrate)",0.8479745038106642,0.8079088303950093,0.850222540389988,0.24898150557368876,93.0165830206227,48,0.8361146692118359,0.7960489957961809,0.8383627057911597,Tahoe-100M
Decitabine,0.7639479280315242,0.7103607377898965,0.7856231596607781,0.44404456520389235,58.54850235676203,50,0.7564828553379126,0.7028956650962849,0.7781580869671665,Tahoe-100M
Dexmedetomidine,0.8478837080148247,0.801781886118344,0.8550699726220072,0.5299044383922895,48.98529750131681,50,0.8416379665859957,0.795536144689515,0.8488242311931782,Tahoe-100M
Dimethyl fumarate,0.8066694971727452,0.7606463788863715,0.8167444204130256,0.39931779566281445,61.883197949888526,49,0.7987792428944354,0.7527561246080617,0.8088541661347158,Tahoe-100M
Dinaciclib,0.5445084654971184,0.5080642407737753,0.5565658123903183,0.14163518435738034,139.30729976441634,50,0.5267464548968249,0.49030223017348185,0.5388038017900248,Tahoe-100M
Diphenhydramine,0.8042589926116924,0.7579576626775542,0.8154892101337576,0.35212724790804706,68.37951184922571,49,0.7955404429279157,0.7492391129937774,0.8067706604499809,Tahoe-100M
Docetaxel (Trihydrate),0.760410667807304,0.7035866399569494,0.7857005470443809,0.49069274470653856,49.59352118669735,50,0.7540873764183125,0.6972633485679578,0.7793772556553893,Tahoe-100M
Dorzolamide (hydrochloride),0.7772967205106978,0.7217368175353231,0.8031571135471449,0.49564003206367124,53.12973521402704,50,0.7705225534594505,0.7149626504840759,0.7963829464958977,Tahoe-100M
Doxorubicin (hydrochloride),0.6842267081355757,0.623638396368318,0.712604380282297,0.25366978115476035,81.64597243929207,49,0.6738166533115255,0.6132283415442678,0.7021943254582468,Tahoe-100M
Doxycycline (monohydrate),0.8679253602773097,0.8298896733269184,0.8671201510006608,0.23662728372775466,95.07393666306722,48,0.8558032082172468,0.8177675212668555,0.8549979989405978,Tahoe-100M
Entecavir (monohydrate),0.816049066217408,0.7599105415153866,0.830698867409318,0.5276730376610815,50.524142901241476,50,0.8096071183560956,0.7534685936540741,0.8242569195480055,Tahoe-100M
Epirubicin (hydrochloride),0.66790078902185,0.6102697985109878,0.6967186056810211,0.30205028855477295,78.04121994386715,50,0.6579503486770371,0.6003193581661749,0.6867681653362081,Tahoe-100M
Eplerenone,0.8149723279526893,0.7666894140448289,0.8306039221647774,0.5712641385884778,42.50569223429614,50,0.8095527515391406,0.7612698376312803,0.8251843457512288,Tahoe-100M
Erlotinib,0.8899926904704616,0.8517530054770723,0.8903334916059585,0.46824026926084417,55.959122376565986,50,0.8828577698559887,0.8446180848625995,0.8831985709914857,Tahoe-100M
Fenofibrate,0.9136206217648216,0.8791845313940794,0.9064223129662504,0.23661315148515863,102.84287718851523,48,0.9005079113908769,0.8660718210201347,0.8933096025923057,Tahoe-100M
Ferulic acid,0.8282136076751121,0.7894304626472145,0.8320121685958711,0.23847353382795888,94.71124974097006,48,0.8161376990564608,0.7773545540285632,0.8199362599772199,Tahoe-100M
Finasteride,0.8569708772911437,0.8181800099945354,0.8575498041432902,0.23855160891894295,100.19013783206803,48,0.8441963974668452,0.8054055301702369,0.8447753243189916,Tahoe-100M
Flumatinib (mesylate),0.8837931424319493,0.8445182606208956,0.8867568467874273,0.4726040391848185,61.85551164249478,50,0.8759064182233934,0.8366315364123398,0.8788701225788714,Tahoe-100M
Fluvoxamine,0.8067140910011787,0.7650779405021947,0.8163057483312055,0.37773437549030386,55.688589067887634,49,0.7996136640241865,0.7579775135252025,0.8092053213542133,Tahoe-100M
Fumaric acid,0.8457948031945034,0.8040589637074984,0.8528673983721449,0.4441549916371353,65.92347600522075,50,0.8373894038967415,0.7956535644097366,0.844461999074383,Tahoe-100M
Glycyrrhizic acid,0.8427528882815241,0.8002986675361701,0.8494723380851918,0.39158614862071656,55.62742132336206,49,0.8356602603368043,0.7932060395914503,0.8423797101404721,Tahoe-100M
Harringtonine,0.4989197699418616,0.4473146581189459,0.53085798456009,0.14600422459913862,121.45471643343595,49,0.48343400599126807,0.43182889416835235,0.5153722206094965,Tahoe-100M
Hesperidin,0.8953127836671694,0.8561739591974207,0.8941522160629592,0.47410260171808166,56.62513031868616,50,0.8880929454629664,0.8489541209932177,0.8869323778587562,Tahoe-100M
Hydroxyurea,0.8534127259298656,0.8145898668728588,0.854609989852666,0.23982716755692912,98.6195770176817,48,0.8408384963284966,0.8020156372714898,0.842035760251297,Tahoe-100M
Imiquimod (maleate),0.9262708208829349,0.8932739604788611,0.9177819143175128,0.25143585019659775,93.20467636562262,48,0.9143870039372132,0.8813901435331394,0.9058980973717911,Tahoe-100M
Irinotecan (hydrochloride),0.8401302063869442,0.7901845637644107,0.8490320157603581,0.3499131962154549,87.13394961339054,50,0.8290204214776411,0.7790747788551076,0.837922230851055,Tahoe-100M
Levobupivacaine (hydrochloride),0.7632346888892355,0.7091699542944635,0.7883791514387928,0.5194822820653892,47.211200576700406,50,0.7572151490193648,0.7031504144245928,0.7823596115689221,Tahoe-100M
Ligustrazine,0.8485465980958445,0.8059884769899507,0.8545783606989056,0.35247672155988796,66.6398868711169,49,0.8400498547162167,0.7974917336103229,0.8460816173192778,Tahoe-100M
Lucanthone,0.7974049206370014,0.7523605573795755,0.809285577095741,0.32402404741269125,82.41013847813429,49,0.7868974328334502,0.7418530695760243,0.7987780892921897,Tahoe-100M
Macitentan,0.8263389441551006,0.7781065571383324,0.841318202055067,0.4672183945681942,51.20644121515602,50,0.8198100016430785,0.7715776146263104,0.834789259543045,Tahoe-100M
Mebendazole,0.719954483603082,0.659475404198154,0.7490883239972944,0.4316586173956751,56.73415775028047,50,0.7127207441431732,0.6522416647382452,0.7418545845373856,Tahoe-100M
Menadione,0.8992414576434145,0.8652339984793225,0.8948231451981721,0.22546089422102525,102.44173359248265,48,0.8861798940278738,0.8521724348637818,0.8817615815826314,Tahoe-100M
Mifepristone,0.8473140668923322,0.8035617873023699,0.852579250333616,0.35993259867156974,70.69930410500676,49,0.8382997382026647,0.7945474586127024,0.8435649216439485,Tahoe-100M
Monocrotaline,0.877663073003483,0.8397566622664066,0.8787348801981654,0.3495898505138741,67.58312387914472,49,0.8690460646717421,0.8311396539346656,0.8701178718664244,Tahoe-100M
Mozavaptan,0.867757795548286,0.829269843085841,0.869658334403661,0.40860885473586395,53.71774901404005,49,0.8609086553451177,0.8224207028826727,0.8628091942004927,Tahoe-100M
Naproxen,0.8945909394125147,0.8585757452712768,0.8943077103015034,0.4813031306565439,63.06203356381295,50,0.8865503808019413,0.8505351866607034,0.88626715169093,Tahoe-100M
Nevirapine,0.8108168998174048,0.764001179803665,0.8197861486070953,0.35660582751687675,73.90076323083595,49,0.801394377508124,0.7545786574943842,0.8103636262978146,Tahoe-100M
Niclosamide (olamine),0.7294749378260917,0.6755511659400139,0.7526471786274619,0.1887569456505567,105.18323755159896,49,0.7160638259638697,0.6621400540777919,0.7392360667652399,Tahoe-100M
Orlistat,0.8303269061920073,0.7874980300962594,0.8368258094399549,0.35045753513975514,73.62111377108373,49,0.8209400398510561,0.7781111637553082,0.8274389430990037,Tahoe-100M
Pemetrexed,0.8116560130748498,0.7692108703479227,0.8209075452151376,0.38065980020702034,59.876987382939504,49,0.8040215553945419,0.7615764126676148,0.8132730875348297,Tahoe-100M
Penfluridol,0.8312955891614002,0.7874342845399874,0.8395846590393566,0.36825544896267537,63.312590158130185,49,0.8232230839917323,0.7793617793703195,0.8315121538696887,Tahoe-100M
Peretinoin,0.8147150122602397,0.7747370644682668,0.8200603121134341,0.20529175363576213,107.11231810210093,48,0.801057938059757,0.7610799902677842,0.8064032379129514,Tahoe-100M
Pexidartinib (hydrochloride),0.8665672849329844,0.8282480532824366,0.8644295823465318,0.23529236379999313,101.62397705908883,48,0.8536099872119027,0.8152907555613549,0.8514722846254501,Tahoe-100M
Phenytoin (sodium),0.867433579955903,0.8299924156145294,0.8660440239208663,0.2501746889888599,97.55707117161177,48,0.8549948223659266,0.817553658024553,0.85360526633089,Tahoe-100M
Pitavastatin (Calcium),0.8441373939489235,0.8106504230960769,0.8409583534445855,0.14565368579413673,130.07339522764138,47,0.8275527280429975,0.7940657571901509,0.8243736875386595,Tahoe-100M
Posaconazole,0.7433964102602802,0.6877727615158883,0.766022797798118,0.4866107280449442,57.740029000145114,50,0.7360344198341059,0.6804107710897139,0.7586608073719436,Tahoe-100M
Pravastatin (sodium),0.8508720812137448,0.8097143844113253,0.8565724314067192,0.3764957529781473,80.99524796025207,50,0.8405449953016908,0.7993872984992713,0.8462453454946652,Tahoe-100M
Procainamide (hydrochloride),0.9406193038546706,0.9086718084729052,0.9313295974145238,0.2556271225183055,98.74434976688819,48,0.9280291654323153,0.8960816700505498,0.9187394589921685,Tahoe-100M
Quinidine (15% dihydroquinidine),0.9017741114133637,0.8658976242343412,0.8994473816868256,0.34526031176239663,80.73832658201337,49,0.8914797835854261,0.8556032964064036,0.889153053858888,Tahoe-100M
Rifaximin,0.7726547016891705,0.7181765504441081,0.7953917492066497,0.4996201591055527,45.76446145361538,50,0.766819624483378,0.7123414732383156,0.7895566720008572,Tahoe-100M
Rosiglitazone,0.921025964726842,0.8875549794386745,0.9153081601029953,0.44323982251962313,63.21499643866479,50,0.9129659029875081,0.8794949176993406,0.9072480983636615,Tahoe-100M
Roxadustat,0.8140280198885795,0.7678429492661073,0.8270359163564679,0.34201960817132626,69.90244917953301,49,0.805115292088866,0.7589302214663938,0.8181231885567544,Tahoe-100M
Rucaparib (phosphate),0.8135867086617381,0.7655444568446652,0.827139910278947,0.5670396855966737,44.24200483464682,50,0.8079457482800485,0.7599034964629756,0.8214989498972574,Tahoe-100M
Rutin (trihydrate),0.8665479170798338,0.8295654557434768,0.8659017922835803,0.2218001759996466,107.27759613797794,48,0.8528697695383977,0.8158873082020407,0.8522236447421442,Tahoe-100M
Sacubitril/Valsartan,0.8016575775500832,0.7579781554315804,0.8126085138418142,0.34493083205322134,77.06863125972697,49,0.7918311445655926,0.7481517224470898,0.8027820808573236,Tahoe-100M
Sildenafil,0.6600157313032795,0.5976456397247819,0.6946375236000795,0.5514623415445397,43.00878632414817,50,0.6545320092019457,0.592161917623448,0.6891538014987456,Tahoe-100M
Silodosin,0.943306791322053,0.9109130302516758,0.933884936330628,0.22355575533808772,106.24294364462916,48,0.9297605644235807,0.8973668033532035,0.9203387094321557,Tahoe-100M
Simotinib,0.9555385627964205,0.9245379312704001,0.9439087294705173,0.2709009839325136,82.88894451720343,48,0.9449700260890729,0.9139693945630525,0.9333401927631697,Tahoe-100M
Sivelestat (sodium tetrahydrate),0.6652144248877445,0.5992626511486289,0.6995290775659457,0.4482114523213795,57.29559778439704,50,0.6579091004939933,0.5919573267548777,0.6922237531721945,Tahoe-100M
Sulfatinib,0.9077500862071076,0.8708329364905191,0.9059811886052193,0.43272536665224476,59.60565746414179,49,0.9001502237339569,0.8632330740173684,0.8983813261320686,Tahoe-100M
Tadalafil,0.729598051770319,0.6737406551778261,0.7546661214089911,0.3741260408791565,59.472532403645204,50,0.7220151630576224,0.6661577664651295,0.7470832326962945,Tahoe-100M
Tetracycline (hydrochloride),0.7870724788381875,0.7329975749128163,0.8063828336224913,0.4830614833728723,58.42481455143144,50,0.7796231766326489,0.7255482727072776,0.7989335314169527,Tahoe-100M
Thymopentin,0.6594544188586441,0.5923802408737042,0.7002661774579738,0.4998978528623526,43.20252126966177,50,0.653945995092992,0.5868718171080521,0.6947577536923217,Tahoe-100M
Tirabrutinib,0.785857438617862,0.7381411199816699,0.7989375393766751,0.39365840933665824,61.15975863461394,49,0.7780594245653573,0.7303431059291652,0.7911395253241704,Tahoe-100M
Tolmetin,0.8380772168932373,0.7949591204580229,0.846301074811861,0.3978866614184334,59.01230595572972,49,0.8305530081424682,0.7874349117072538,0.8387768660610919,Tahoe-100M
Topotecan (hydrochloride),0.8649282144806048,0.82443786029057,0.8669567504377484,0.34476947700880245,72.3944261140019,49,0.8556977537207335,0.8152073995306988,0.8577262896778772,Tahoe-100M
Trametinib (DMSO_TF solvate),0.7855271054166847,0.7374731490067107,0.8008968076869324,0.28880947852030364,81.41692952442946,49,0.7751462541066542,0.7270922976966802,0.7905159563769019,Tahoe-100M
Tranilast,0.7967166484540641,0.7466884358104496,0.8133964378218677,0.4954019507074412,52.505615490493554,50,0.7900220581454858,0.7399938455018713,0.8067018475132893,Tahoe-100M
Verapamil,0.8362487803100781,0.7906033628491651,0.843690618680972,0.43346768452277773,50.52860320153723,49,0.829806263749916,0.784160846289003,0.8372481021208098,Tahoe-100M
Verteporfin,0.7610301145182775,0.7105618665109453,0.7807721539796183,0.3373701579229656,84.3886984269202,50,0.7502703556360169,0.6998021076286847,0.7700123950973576,Tahoe-100M
crizotinib,0.7015057946022818,0.6391291263050547,0.7333950158193012,0.45297922780137034,51.56961965047503,50,0.6949305459797483,0.6325538776825212,0.7268197671967678,Tahoe-100M
5-Azacytidine,0.8131742512884838,0.7660129092780645,0.8264304649632097,0.3576361765061925,60.38675688969085,49,0.8054747967889285,0.7583134547785093,0.8187310104636545,Tahoe-100M
5-Fluorouracil,0.8260767885146367,0.7788213739827128,0.8383257500028571,0.6256311870589939,40.18231486907003,50,0.8209534482169228,0.7736980336849989,0.8332024097051433,Tahoe-100M
Abiraterone acetate,0.7724573604169509,0.7192015865414506,0.7930890236201341,0.5963822177779213,42.635112999205894,50,0.7670212825494073,0.713765508673907,0.7876529457525905,Tahoe-100M
Acetazolamide,0.8258029662439931,0.7809766622765747,0.836844137956404,0.5406298541852415,50.658282261276646,50,0.8193439152966335,0.7745176113292151,0.8303850870090445,Tahoe-100M
Allopurinol,0.7601912936385615,0.7079733577972772,0.7831428682605004,0.6548681393541053,39.31682871015154,50,0.7551783048755849,0.7029603690343006,0.7781298794975238,Tahoe-100M
Aprepitant,0.8135252504693323,0.7652952308715987,0.8271304112210307,0.619317731406892,40.40836267390394,50,0.8083730885412198,0.7601430689434862,0.8219782492929182,Tahoe-100M
Artemether,0.7472043549859004,0.6944277968255025,0.7698602831471733,0.5851174695453535,42.076614301448735,50,0.7418394870248484,0.6890629288644504,0.7644954151861212,Tahoe-100M
Asciminib,0.8008424942125308,0.7518572552340566,0.8197148608117797,0.5546731770723257,42.80565514067114,50,0.7953846718181059,0.7463994328396316,0.8142570384173548,Tahoe-100M
Aspirin,0.8634628265080845,0.8252399091775646,0.8663684171580043,0.4758527585313868,50.9864272470948,49,0.8569619362979843,0.8187390189674645,0.8598675269479041,Tahoe-100M
Ataluren,0.8272043073998172,0.7793247650699221,0.8402676524713087,0.6332288984626806,45.052164263428615,50,0.8214600497724966,0.7735805074426015,0.8345233948439882,Tahoe-100M
Atazanavir (sulfate),0.8014764807545562,0.75362379026204,0.817327146250867,0.5154250284071632,54.075745796420215,50,0.7945816951138964,0.7467290046213801,0.8104323606102072,Tahoe-100M
Auranofin,0.551583089282616,0.4873019080578815,0.5974733062232426,0.2627388809518654,74.74678075462437,50,0.5420526977356788,0.47777151651094424,0.5879429146763053,Tahoe-100M
Belinostat,0.5391549861530189,0.4946462068946018,0.5627131276207291,0.0978232560934645,156.42679721115448,48,0.5192101990892173,0.47470141983080016,0.5427683405569275,Tahoe-100M
Benztropine (mesylate),0.864235634146042,0.8212958254868213,0.8683166402233793,0.48455677733423586,48.70805186445074,49,0.8580252421924324,0.8150854335332117,0.8621062482697697,Tahoe-100M
Bestatin (hydrochloride),0.7369657693609942,0.6797509175311526,0.7654989132216701,0.6730391056066367,34.66662891798174,50,0.7325456920832139,0.6753308402533722,0.7610788359438897,Tahoe-100M
Bexarotene,0.822771681309695,0.7788190220254645,0.8317558130089449,0.3729533013321629,71.13461749434519,49,0.8137018491320627,0.7697491898478321,0.8226859808313125,Tahoe-100M
Bicalutamide,0.7831897860721546,0.7344311027889412,0.7993931881485529,0.5191727664779295,40.311045083862055,49,0.7780500323672209,0.7292913490840075,0.7942534344436192,Tahoe-100M
Brimonidine,0.8991451989894952,0.8612897214889207,0.8970793711609176,0.5035205820650412,46.560672935592166,49,0.8932086029343183,0.8553531254337438,0.8911427751057407,Tahoe-100M
Budesonide,0.7798265974517659,0.7280216018930213,0.799607278759574,0.5631696634091857,40.24850960320177,50,0.7746948171687007,0.7228898216099562,0.7944754984765089,Tahoe-100M
Cabozantinib (S-malate),0.8094583307434945,0.7606588415480259,0.8210320494318262,0.4570781831344869,49.92839352756111,49,0.8030923423380636,0.754292853142595,0.8146660610263953,Tahoe-100M
Canagliflozin (hemihydrate),0.8359597366756714,0.790618613693082,0.8434910807631646,0.6768409117164281,39.17717635901724,50,0.8309645539181618,0.7856234309355724,0.838495898005655,Tahoe-100M
Captopril,0.8264099745104379,0.7810376385823006,0.837693049869783,0.5423647485642703,45.20841875368831,50,0.8206457940655978,0.7752734581374605,0.8319288694249429,Tahoe-100M
Carbamazepine,0.8622925475491707,0.8250083083217876,0.8628569898588531,0.22894794360208975,100.09026585380816,48,0.8495308016385976,0.8122465624112145,0.85009524394828,Tahoe-100M
Cinacalcet,0.7691183584343461,0.7200047908402648,0.7870126705488243,0.48750666755720845,47.63465892492298,49,0.7630448266223256,0.7139312590282444,0.7809391387368039,Tahoe-100M
Citalopram (hydrobromide),0.8210928111649877,0.7736547270257734,0.8312128651005254,0.6002763598331547,48.90240522753562,50,0.8148576386973551,0.7674195545581408,0.8249776926328928,Tahoe-100M
Clobetasol propionate,0.8248854135859787,0.7738308975796131,0.8356302684733804,0.4257426944592649,52.086562086476434,49,0.8182442535787329,0.7671897375723673,0.8289891084661346,Tahoe-100M
Clopidogrel,0.8242111898020942,0.77829519389763,0.8343225602513873,0.5118426673234483,55.70407419007839,50,0.8171087884353538,0.7711927925308897,0.827220158884647,Tahoe-100M
Crizotinib (hydrochloride),0.6860787916755157,0.6318703155428669,0.7133950438133971,0.602785701674783,37.41714818535486,50,0.6813080166779029,0.6270995405452541,0.7086242688157843,Tahoe-100M
Cyclosporin A,0.7942439507307364,0.7491262719463104,0.8055471044507844,0.3850453723231489,67.36850061971619,49,0.7856543073728014,0.7405366285883754,0.7969574610928494,Tahoe-100M
Dapagliflozin,0.8071417067190796,0.7604318254859456,0.818617696698294,0.48143171245790545,49.8430854151749,49,0.800786595299988,0.754076714066854,0.8122625852792024,Tahoe-100M
Darolutamide,0.7820394690444963,0.7331856337687879,0.7976755192653405,0.47613121393472546,62.30503901300302,50,0.7740954290317178,0.7252415937560094,0.789731479252562,Tahoe-100M
Delamanid,0.7485047791138371,0.6984025088813343,0.7678105353961833,0.4172534723287095,52.40426589914774,49,0.7418231111181516,0.6917208408856488,0.7611288674004978,Tahoe-100M
Dexamethasone,0.8660628364208006,0.82471471654931,0.8713997770787699,0.23026056022850663,99.62651541242168,48,0.8533602197896675,0.8120120999181768,0.8586971604476368,Tahoe-100M
Digitoxin,0.5523906606845159,0.5073495513604106,0.5751476301677497,0.1858590947528763,105.4740218044874,49,0.5389424731414721,0.4939013638173668,0.561699442624706,Tahoe-100M
Dihydroartemisinin,0.8273734797269819,0.7867103425453904,0.8313927223556453,0.2110203897828395,104.01364553500683,48,0.8141114936164747,0.7734483564348832,0.8181307362451381,Tahoe-100M
Drospirenone,0.7241064464859741,0.6710583677385218,0.7454188852427966,0.47284480962034076,46.1356945037095,49,0.7182240361872131,0.6651759574397608,0.7395364749440356,Tahoe-100M
Econazole,0.8329188228543444,0.7852369477698365,0.8473493185897413,0.6281797449902913,36.948085991284934,50,0.828207854397217,0.7805259793127092,0.8426383501326139,Tahoe-100M
Entrectinib,0.752909568978177,0.6999827535151305,0.7753429219279524,0.5098275482931062,45.960569158496064,50,0.7470494875756283,0.6941226721125818,0.7694828405254037,Tahoe-100M
Erythromycin,0.835962981571625,0.79533316793422,0.8414846823189353,0.39655485649874106,57.08779301951787,49,0.8286841527774784,0.7880543391400735,0.8342058535247887,Tahoe-100M
Esmolol (hydrochloride),0.8275065707045441,0.7771762749632549,0.8438588307055959,0.7069165451466023,37.270968564849746,50,0.8227544339546998,0.7724241382134106,0.8391066939557515,Tahoe-100M
Estrone sulfate (potassium),0.7369718559456939,0.6842443849442384,0.7589693574896814,0.5431185905436926,44.79355383362661,50,0.7312605717605638,0.6785331007591083,0.7532580733045513,Tahoe-100M
Fedratinib (hydrochloride hydrate),0.7203569045762637,0.6636961567492461,0.7446376733665713,0.45612941132432905,48.91592301348064,50,0.7141200085589129,0.6574592607318953,0.7384007773492205,Tahoe-100M
Filgotinib,0.7802322225264777,0.7319504963351318,0.7948102247732046,0.4558316821691823,50.259659641751384,49,0.7738239969070478,0.7255422707157019,0.7884019991537747,Tahoe-100M
Fingolimod (hydrochloride),0.8392790118008184,0.7961463259798598,0.8468753306831829,0.3471146164272466,65.7165315760387,49,0.8308999984078227,0.787767312586864,0.8384963172901871,Tahoe-100M
Flutamide,0.7413599680771188,0.6866537621849739,0.7659942196117542,0.5781224340325791,40.40790817814113,50,0.7362078640982923,0.6815016582061474,0.7608421156329277,Tahoe-100M
Fulvestrant,0.7572166857665028,0.7057140043480022,0.7771713393005667,0.6984942801184509,33.38280630337479,50,0.7529602989121827,0.7014576174936822,0.7729149524462466,Tahoe-100M
Gefitinib,0.8256320403023256,0.7779580924950418,0.8376053002017502,0.6322892797333892,40.88680021869726,50,0.8204188764543097,0.7727449286470258,0.8323921363537342,Tahoe-100M
Idoxuridine,0.8462437559000826,0.8059589988817953,0.8500195848252758,0.41809724203087845,63.46295494262902,49,0.8381520788643265,0.7978673218460393,0.8419279077895198,Tahoe-100M
Imiquimod (hydrochloride),0.7915216916916368,0.7405709418094294,0.8093643952002133,0.4233907153947471,56.075781375959174,50,0.7843718967784923,0.7334211468962849,0.8022146002870688,Tahoe-100M
Indacaterol (maleate),0.8444861794229501,0.8023785467408474,0.8495695672813708,0.4225981039226999,62.379230327735826,49,0.8365326798418578,0.794425047159755,0.8416160677002784,Tahoe-100M
Ivermectin,0.8455211240593775,0.8025681060651572,0.8518043170124598,0.4953940467727074,47.19510071436649,49,0.8395036369600789,0.7965506189658585,0.8457868299131612,Tahoe-100M
Ixazomib citrate,0.6966544970222517,0.6495723455761139,0.7145692387202257,0.13768912064148287,135.50536883772972,48,0.6793772416181009,0.6322950901719631,0.6972919833160749,Tahoe-100M
L-Eflornithine (monohydrochloride),0.8536182628822336,0.8119249818693792,0.8587191186939375,0.5611694790579418,47.97011722581649,50,0.8475019593424825,0.8058086783296281,0.8526028151541863,Tahoe-100M
Lactate (calcium),0.7933528821950473,0.7471409736918709,0.8052206675647889,0.41623697766133905,55.33573781202628,49,0.7862974445887307,0.7400855360855544,0.7981652299584724,Tahoe-100M
Loperamide (hydrochloride),0.7545093190404235,0.700254224157092,0.7761191644987443,0.5456772316822972,46.62981073186857,50,0.7485639077525027,0.6943088128691712,0.7701737532108235,Tahoe-100M
Lopinavir,0.8099614578867443,0.7638488615833883,0.8232517309416152,0.41687266736433015,55.1980356553336,49,0.8029235776314855,0.7568109813281294,0.8162138506863563,Tahoe-100M
Malotilate,0.9117942749798127,0.8779487910391593,0.9067434346431907,0.3605575558582868,75.23801999136094,49,0.9022012492669348,0.8683557653262814,0.8971504089303128,Tahoe-100M
Meloxicam,0.8488868230130389,0.8067866635606222,0.854688512132976,0.4511484566323485,51.375819761883264,49,0.8423362843352199,0.8002361248828033,0.8481379734551571,Tahoe-100M
Methotrexate,0.7272897259822385,0.667716488661575,0.7548037257610828,0.653870762497688,35.23804011965287,50,0.7227967924231408,0.6632235551024772,0.750310792201985,Tahoe-100M
Methyl aminolevulinate (hydrochloride),0.8547208211062963,0.8118795526523004,0.8577042559506346,0.43937232336958915,60.863373021561884,49,0.8469605969212983,0.8041193284673024,0.8499440317656366,Tahoe-100M
Methylthiouracil,0.8148064506532118,0.7672414788087141,0.8283533212269862,0.5994765744989302,49.97454202396677,50,0.8084345782052093,0.7608696063607115,0.8219814487789837,Tahoe-100M
Nafamostat (mesylate),0.8008233296029119,0.7531311438825927,0.813855822301808,0.6151004450043274,41.683259453094664,50,0.7955086153164911,0.7478164295961719,0.8085411080153871,Tahoe-100M
Neratinib,0.8127468451284522,0.766099767280706,0.8261173171950414,0.5218144607616861,48.639916497954516,50,0.8065451405954157,0.7598980627476695,0.819915612662005,Tahoe-100M
Omeprazole,0.8603859421596773,0.8182259366072097,0.8650390411922276,0.4751858688050117,56.21381102771157,49,0.8532185481390795,0.8110585425866118,0.8578716471716298,Tahoe-100M
Omeprazole (sodium),0.8072900215202758,0.7602051003056383,0.8224194719932153,0.5788854648809729,44.22517777261013,50,0.8016512066288425,0.7545662854142049,0.8167806571017819,Tahoe-100M
Osimertinib (mesylate),0.7303300302441573,0.6719979211716105,0.7627015959666505,0.5143467211205386,44.18140242391149,50,0.7246967968133433,0.6663646877407965,0.7570683625358365,Tahoe-100M
Ouabain (Octahydrate),0.5107042246263,0.45375435955424825,0.548246223115022,0.24639831256495015,88.89541805626041,50,0.4993698483193656,0.4424199832473138,0.5369118468080876,Tahoe-100M
Oxaprozin,0.7743145867908563,0.7239854499198541,0.7903617890429544,0.5479063501261412,46.05073155528341,50,0.7684430094692123,0.7181138725982101,0.7844902117213104,Tahoe-100M
Panobinostat,0.43248522355420516,0.38764731820540244,0.45912184873249007,0.10108640747219108,140.5386396342848,49,0.414566214204685,0.36972830885588226,0.4412028393829699,Tahoe-100M
Pentoxifylline,0.6975550281093649,0.6407224700543314,0.7275468055796313,0.4956196858141719,54.96907350804898,50,0.6905463410700683,0.6337137830150348,0.7205381185403347,Tahoe-100M
Perindopril (erbumine),0.8754593040716778,0.8366370800681161,0.8805264671344801,0.6519101359174312,44.20036262056215,50,0.8698236531708929,0.8310014291673312,0.8748908162336952,Tahoe-100M
Phenylephrine (hydrochloride),0.7759125783559172,0.723701067845429,0.7973839644820014,0.5374721793014752,43.20286292297545,50,0.7704041110286586,0.7181926005181704,0.7918754971547428,Tahoe-100M
Pimozide,0.8705630815661989,0.8320125629382796,0.8705918316496944,0.2658012666137583,86.18890724263876,48,0.8595737917970313,0.8210232731691121,0.8596025418805269,Tahoe-100M
Pioglitazone,0.7018534593017312,0.6425214764521653,0.7308004768926837,0.6440519280838329,34.465243704264076,50,0.6974590591155809,0.6381270762660151,0.7264060767065335,Tahoe-100M
Piroxicam,0.8087626759534385,0.7638362504822789,0.8196804605430871,0.4634661634852915,49.52303357995264,49,0.802448371901222,0.7575219464300623,0.8133661564908705,Tahoe-100M
Ponatinib,0.7499820656110205,0.6832454720029405,0.7843387689398602,0.37233407474859,64.56441579083928,49,0.7417499497088532,0.6750133561007732,0.7761066530376929,Tahoe-100M
Proglumide,0.8790454118411378,0.8391088295256497,0.8807760497836894,0.46514786594180857,51.2182916512524,49,0.8725149583704516,0.8325783760549634,0.8742455963130031,Tahoe-100M
Ranolazine,0.8319195499829344,0.784848298014348,0.8451306432210045,0.6186551803769552,37.853787321896746,50,0.8270931024614491,0.7800218504928627,0.8403041956995192,Tahoe-100M
Sunitinib,0.8021676754542753,0.7583912713417998,0.8115593004201543,0.3205072777426064,69.61154578014714,49,0.793292038526844,0.7495156344143686,0.8026836634927231,Tahoe-100M
Talc,0.8791830786293718,0.8410798913890815,0.8812998018799264,0.4796824951246818,48.47119825897628,49,0.8730028860713306,0.8348996988310402,0.8751196093218852,Tahoe-100M
Tazarotene,0.7799392712369637,0.7307706115123193,0.7963385000759253,0.55481109002062,44.911915048660504,50,0.7742128957166369,0.7250442359919924,0.7906121245555985,Tahoe-100M
Tirabrutinib (hydrochloride),0.7316418762516115,0.6772593960173643,0.7561257442829543,0.5718680577078761,41.82477437613101,50,0.7263091184773955,0.6719266382431484,0.7507929865087384,Tahoe-100M
Uridine,0.7332872724348265,0.6785682392874794,0.7601844259157322,0.6661118598347286,38.0253312780313,50,0.7284389526527171,0.67371991950537,0.7553361061336228,Tahoe-100M
Valdecoxib,0.8857025860638689,0.8484265654729385,0.8820750307882936,0.27088451222007065,90.12588821473715,48,0.8742113218979697,0.8369353013070393,0.8705837666223945,Tahoe-100M
Vandetanib,0.8030438831842395,0.752179428313216,0.8165917337281723,0.48170974311946735,61.97821678493697,50,0.795141513779456,0.7442770589084325,0.8086893643233888,Tahoe-100M
Vismodegib,0.9121156749544875,0.8767660891095204,0.9070910551728042,0.2649515040133516,89.42630408021007,48,0.900713609422359,0.8653640235773918,0.8956889896406757,Tahoe-100M
Vitamin K4,0.8105045024258757,0.7653554007633281,0.8250819317206918,0.541193486347051,52.83155916473161,50,0.8037683535269958,0.7586192518644482,0.8183457828218119,Tahoe-100M
Voriconazole,0.8510552959167313,0.8112156130058701,0.8549236499226458,0.4180959898552848,62.16576003731808,49,0.8431290143031659,0.8032893313923046,0.8469973683090803,Tahoe-100M
Vortioxetine,0.7847408606359775,0.7328393564433148,0.8009856970192764,0.5117954392562637,43.490994481613306,50,0.7791956558526957,0.727294151660033,0.7954404922359946,Tahoe-100M
Zileuton,0.8053542974963384,0.7547307969744059,0.8224929459200726,0.6961141025570132,34.04087818477629,50,0.8010140049188224,0.7503905043968899,0.8181526533425566,Tahoe-100M
γ-Oryzanol,0.8371718487813253,0.7926299656368486,0.8475837327082035,0.6544572989745331,36.26966469812786,50,0.8325473806455802,0.7880054975011035,0.8429592645724584,Tahoe-100M
Carbidopa (monohydrate),0.864300190061317,0.8220321535093986,0.86848390018258,0.6733950770489383,36.97188247015458,50,0.8595861874967835,0.8173181509448652,0.8637698976180466,Tahoe-100M
Daptomycin,0.7793473046925797,0.7333088411824004,0.7929082742828184,0.3988041586442267,58.954009357752724,49,0.7718305288960994,0.72579206538592,0.785391498486338,Tahoe-100M
Edoxaban (tosylate monohydrate),0.8492503210175217,0.8079156209063632,0.8547077706249985,0.4575304299157591,54.80731005180333,49,0.8422622592019531,0.8009275590907945,0.8477197088094298,Tahoe-100M
Fostamatinib (disodium hexahydrate),0.8868887181370827,0.8491143422445601,0.8876145426895906,0.4873411572671597,52.65483168051376,49,0.8801751024109322,0.8424007265184096,0.8809009269634401,Tahoe-100M
Glasdegib,0.8954133915224401,0.8577973332808795,0.8952992690223516,0.5238392067245186,45.031007250001316,49,0.8896718314644315,0.8520557732228708,0.8895577089643429,Tahoe-100M
Ivabradine (hydrochloride),0.8232733762359996,0.780413045474395,0.8302922101269236,0.306335080652042,80.29219915676367,48,0.8130359307112132,0.7701755999496086,0.8200547646021371,Tahoe-100M
Larotrectinib sulfate,0.745529434349304,0.6932001179760505,0.7708836041742197,0.6514901789705841,34.459406246730744,50,0.7411357784528124,0.688806462079559,0.7664899482777282,Tahoe-100M
Nimesulide,0.8776714336056212,0.8380302629067711,0.8794992755814522,0.432419663494977,54.870359869110835,49,0.8706753327890435,0.8310341620901934,0.8725031747648746,Tahoe-100M
Ornidazole,0.7780322231377391,0.725758125354775,0.8008414669932655,0.641764227426159,38.65742154048969,50,0.7731033103503736,0.7208292125674095,0.7959125542059,Tahoe-100M
Plicamycin,0.8479795499970357,0.8065290959690452,0.8546809065573989,0.6111812003393006,40.53559862805648,50,0.8428111651834734,0.8013607111554829,0.8495125217438366,Tahoe-100M
Ribociclib,0.8736480682020507,0.8311368894550353,0.8770723349516272,0.7071077828635183,35.47053942922209,50,0.8691254904304234,0.826614311683408,0.8725497571799999,Tahoe-100M
Rimonabant (Hydrochloride),0.8593988010944094,0.8119507243707732,0.8669213628086843,0.6835082467243554,35.80743497729766,50,0.8548332683426322,0.807385191618996,0.8623558300569071,Tahoe-100M
